Date,Insertion_Order_Name,Insertion_Order_Goal_Type,Insertion_Order_Goal_Value(KPI),Planned_Budget,IO_Pacing,IO_Pacing_Rate,IO_Start_Date,IO_End_Date,Advertiser_Currency,Spends,Impressions,Clicks,Complete_Views
4/1/2025,IN_DV360_Plixlife_Female_PineappleP2_1stApr2025_BLR_18-44_Top20HHI_TVC_Id_Branding,CPM,132,731431,Flight,Even,4/1/2025,4/30/2025,INR,24007.99,225910,2571,155505
4/1/2025,IN_DV360_Plixlife_Female_PineappleP2_1stApr2025_CHE_18-44_Top20HHI_TVC_Id_Branding,CPM,136,866563,Flight,Even,4/1/2025,4/30/2025,INR,7807.867,102198,704,69340
4/1/2025,IN_DV360_Plixlife_Female_PineappleP2_1stApr2025_COB_18-44_Top20HHI_TVC_Id_Branding,CPM,116,162775,Flight,ASAP,4/1/2025,4/30/2025,INR,1779.803,21779,34,17835
4/1/2025,IN_DV360_Plixlife_Female_PineappleP2_1stApr2025_HYD_18-44_Top20HHI_TVC_Id_Branding,CPM,149,687779,Flight,Even,4/1/2025,4/30/2025,INR,13221.98,141796,1852,84711
4/1/2025,IN_DV360_Plixlife_Female_PineappleP2_1stApr2025_JAI_18-44_Top20HHI_TVC_Id_Branding,CPM,117,519092,Flight,Even,4/1/2025,4/30/2025,INR,17197.98,168344,2439,112350
4/1/2025,IN_DV360_Plixlife_Female_PineappleP2_1stApr2025_KOL_18-44_Top20HHI_TVC_Id_Branding,CPM,136,918451,Flight,Even,4/1/2025,4/30/2025,INR,8288.175,96097,837,64909
4/1/2025,IN_DV360_Plixlife_Female_PineappleP2_1stApr2025_MMR_18-44_Top20HHI_TVC_Id_Branding,CPM,173,1686999,Flight,Even,4/1/2025,4/30/2025,INR,21125,248975,3593,138977
4/1/2025,IN_DV360_Plixlife_Female_PineappleP2_1stApr2025_NCR_18-44_Top20HHI_TVC_Id_Branding,CPM,154,2340829,Daily,Even,4/1/2025,4/30/2025,INR,41911.14,458742,6051,276038
4/1/2025,IN_DV360_Plixlife_Female_PineappleP2_1stApr2025_PUN_18-44_Top20HHI_TVC_Id_Branding,CPM,130,690364,Flight,Even,4/1/2025,4/30/2025,INR,14922.16,150721,1939,97365
4/2/2025,IN_DV360_Plixlife_Female_PineappleP2_1stApr2025_BLR_18-44_Top20HHI_TVC_Id_Branding,CPM,132,731431,Flight,Even,4/1/2025,4/30/2025,INR,23830.6,205800,2536,144661
4/2/2025,IN_DV360_Plixlife_Female_PineappleP2_1stApr2025_CHE_18-44_Top20HHI_TVC_Id_Branding,CPM,136,866563,Flight,Even,4/1/2025,4/30/2025,INR,29035,230814,1940,172444
4/2/2025,IN_DV360_Plixlife_Female_PineappleP2_1stApr2025_COB_18-44_Top20HHI_TVC_Id_Branding,CPM,116,162775,Flight,ASAP,4/1/2025,4/30/2025,INR,5761.755,52667,346,42264
4/2/2025,IN_DV360_Plixlife_Female_PineappleP2_1stApr2025_HYD_18-44_Top20HHI_TVC_Id_Branding,CPM,149,687779,Flight,Even,4/1/2025,4/30/2025,INR,22750.6,209532,2795,137630
4/2/2025,IN_DV360_Plixlife_Female_PineappleP2_1stApr2025_JAI_18-44_Top20HHI_TVC_Id_Branding,CPM,117,519092,Flight,Even,4/1/2025,4/30/2025,INR,17668.2,203837,3213,135780
4/2/2025,IN_DV360_Plixlife_Female_PineappleP2_1stApr2025_KOL_18-44_Top20HHI_TVC_Id_Branding,CPM,136,918451,Flight,Even,4/1/2025,4/30/2025,INR,30686.2,219912,2044,171975
4/2/2025,IN_DV360_Plixlife_Female_PineappleP2_1stApr2025_MMR_18-44_Top20HHI_TVC_Id_Branding,CPM,173,1686999,Flight,Even,4/1/2025,4/30/2025,INR,28249.93,280913,4571,170748
4/2/2025,IN_DV360_Plixlife_Female_PineappleP2_1stApr2025_NCR_18-44_Top20HHI_TVC_Id_Branding,CPM,154,2340829,Daily,Even,4/1/2025,4/30/2025,INR,61383.05,542047,7693,354613
4/2/2025,IN_DV360_Plixlife_Female_PineappleP2_1stApr2025_PUN_18-44_Top20HHI_TVC_Id_Branding,CPM,130,690364,Flight,Even,4/1/2025,4/30/2025,INR,24241.12,220579,3050,151313
4/3/2025,IN_DV360_Plixlife_Female_PineappleP2_1stApr2025_BLR_18-44_Top20HHI_TVC_Id_Branding,CPM,132,731431,Flight,Even,4/1/2025,4/30/2025,INR,22322.39,175735,2377,122614
4/3/2025,IN_DV360_Plixlife_Female_PineappleP2_1stApr2025_CHE_18-44_Top20HHI_TVC_Id_Branding,CPM,136,866563,Flight,Even,4/1/2025,4/30/2025,INR,28833.4,224898,1879,169571
4/3/2025,IN_DV360_Plixlife_Female_PineappleP2_1stApr2025_COB_18-44_Top20HHI_TVC_Id_Branding,CPM,116,162775,Flight,ASAP,4/1/2025,4/30/2025,INR,5771.45,51881,301,41258
4/3/2025,IN_DV360_Plixlife_Female_PineappleP2_1stApr2025_HYD_18-44_Top20HHI_TVC_Id_Branding,CPM,149,687779,Flight,Even,4/1/2025,4/30/2025,INR,22224.55,184031,2597,125290
4/3/2025,IN_DV360_Plixlife_Female_PineappleP2_1stApr2025_JAI_18-44_Top20HHI_TVC_Id_Branding,CPM,117,519092,Flight,Even,4/1/2025,4/30/2025,INR,17191.3,173915,2799,123070
4/3/2025,IN_DV360_Plixlife_Female_PineappleP2_1stApr2025_KOL_18-44_Top20HHI_TVC_Id_Branding,CPM,136,918451,Flight,Even,4/1/2025,4/30/2025,INR,29896.38,206110,1804,164119
4/3/2025,IN_DV360_Plixlife_Female_PineappleP2_1stApr2025_MMR_18-44_Top20HHI_TVC_Id_Branding,CPM,173,1686999,Flight,Even,4/1/2025,4/30/2025,INR,27339.78,237716,4617,149913
4/3/2025,IN_DV360_Plixlife_Female_PineappleP2_1stApr2025_NCR_18-44_Top20HHI_TVC_Id_Branding,CPM,154,2340829,Daily,Even,4/1/2025,4/30/2025,INR,58559.27,465029,7495,309566
4/3/2025,IN_DV360_Plixlife_Female_PineappleP2_1stApr2025_PUN_18-44_Top20HHI_TVC_Id_Branding,CPM,130,690364,Flight,Even,4/1/2025,4/30/2025,INR,23658.69,195790,2663,142008
4/4/2025,IN_DV360_Plixlife_Female_PineappleP2_1stApr2025_BLR_18-44_Top20HHI_TVC_Id_Branding,CPM,132,731431,Flight,Even,4/1/2025,4/30/2025,INR,24498.59,188838,1620,135364
4/4/2025,IN_DV360_Plixlife_Female_PineappleP2_1stApr2025_CHE_18-44_Top20HHI_TVC_Id_Branding,CPM,136,866563,Flight,Even,4/1/2025,4/30/2025,INR,29660.72,215031,1217,163995
4/4/2025,IN_DV360_Plixlife_Female_PineappleP2_1stApr2025_COB_18-44_Top20HHI_TVC_Id_Branding,CPM,116,162775,Flight,ASAP,4/1/2025,4/30/2025,INR,5537.679,40343,193,32352
4/4/2025,IN_DV360_Plixlife_Female_PineappleP2_1stApr2025_HYD_18-44_Top20HHI_TVC_Id_Branding,CPM,149,687779,Flight,Even,4/1/2025,4/30/2025,INR,23312.37,196370,1618,139380
4/4/2025,IN_DV360_Plixlife_Female_PineappleP2_1stApr2025_JAI_18-44_Top20HHI_TVC_Id_Branding,CPM,117,519092,Flight,Even,4/1/2025,4/30/2025,INR,17316,153697,1842,115963
4/4/2025,IN_DV360_Plixlife_Female_PineappleP2_1stApr2025_KOL_18-44_Top20HHI_TVC_Id_Branding,CPM,136,918451,Flight,Even,4/1/2025,4/30/2025,INR,26170,186725,1679,146162
4/4/2025,IN_DV360_Plixlife_Female_PineappleP2_1stApr2025_MMR_18-44_Top20HHI_TVC_Id_Branding,CPM,173,1686999,Flight,Even,4/1/2025,4/30/2025,INR,59661.26,405283,2812,307515
4/4/2025,IN_DV360_Plixlife_Female_PineappleP2_1stApr2025_NCR_18-44_Top20HHI_TVC_Id_Branding,CPM,154,2340829,Daily,Even,4/1/2025,4/30/2025,INR,80722.47,621344,4723,453336
4/4/2025,IN_DV360_Plixlife_Female_PineappleP2_1stApr2025_PUN_18-44_Top20HHI_TVC_Id_Branding,CPM,130,690364,Flight,Even,4/1/2025,4/30/2025,INR,23252.45,170847,1362,134249
4/5/2025,IN_DV360_Plixlife_Female_PineappleP2_1stApr2025_BLR_18-44_Top20HHI_TVC_Id_Branding,CPM,132,731431,Flight,Even,4/1/2025,4/30/2025,INR,24490.21,217795,2070,139903
4/5/2025,IN_DV360_Plixlife_Female_PineappleP2_1stApr2025_CHE_18-44_Top20HHI_TVC_Id_Branding,CPM,136,866563,Flight,Even,4/1/2025,4/30/2025,INR,29656.46,230401,1477,163585
4/5/2025,IN_DV360_Plixlife_Female_PineappleP2_1stApr2025_COB_18-44_Top20HHI_TVC_Id_Branding,CPM,116,162775,Flight,ASAP,4/1/2025,4/30/2025,INR,5535.356,41953,236,32601
4/5/2025,IN_DV360_Plixlife_Female_PineappleP2_1stApr2025_HYD_18-44_Top20HHI_TVC_Id_Branding,CPM,149,687779,Flight,Even,4/1/2025,4/30/2025,INR,23316.88,219773,2216,137529
4/5/2025,IN_DV360_Plixlife_Female_PineappleP2_1stApr2025_JAI_18-44_Top20HHI_TVC_Id_Branding,CPM,117,519092,Flight,Even,4/1/2025,4/30/2025,INR,17303.37,168650,2739,114520
4/5/2025,IN_DV360_Plixlife_Female_PineappleP2_1stApr2025_KOL_18-44_Top20HHI_TVC_Id_Branding,CPM,136,918451,Flight,Even,4/1/2025,4/30/2025,INR,24900.86,173533,1793,133184
4/5/2025,IN_DV360_Plixlife_Female_PineappleP2_1stApr2025_MMR_18-44_Top20HHI_TVC_Id_Branding,CPM,173,1686999,Flight,Even,4/1/2025,4/30/2025,INR,53419.9,409024,4435,277678
4/5/2025,IN_DV360_Plixlife_Female_PineappleP2_1stApr2025_NCR_18-44_Top20HHI_TVC_Id_Branding,CPM,154,2340829,Daily,Even,4/1/2025,4/30/2025,INR,80728.88,651115,5614,456651
4/5/2025,IN_DV360_Plixlife_Female_PineappleP2_1stApr2025_PUN_18-44_Top20HHI_TVC_Id_Branding,CPM,130,690364,Flight,Even,4/1/2025,4/30/2025,INR,23240.53,209453,2500,132173
4/6/2025,IN_DV360_Plixlife_Female_PineappleP2_1stApr2025_BLR_18-44_Top20HHI_TVC_Id_Branding,CPM,132,731431,Flight,Even,4/1/2025,4/30/2025,INR,24506.46,215995,1843,144164
4/6/2025,IN_DV360_Plixlife_Female_PineappleP2_1stApr2025_CHE_18-44_Top20HHI_TVC_Id_Branding,CPM,136,866563,Flight,Even,4/1/2025,4/30/2025,INR,29649.46,223393,1828,164613
4/6/2025,IN_DV360_Plixlife_Female_PineappleP2_1stApr2025_COB_18-44_Top20HHI_TVC_Id_Branding,CPM,116,162775,Flight,ASAP,4/1/2025,4/30/2025,INR,5535.17,42771,197,32463
4/6/2025,IN_DV360_Plixlife_Female_PineappleP2_1stApr2025_HYD_18-44_Top20HHI_TVC_Id_Branding,CPM,149,687779,Flight,Even,4/1/2025,4/30/2025,INR,23318.37,219542,1841,145734
4/6/2025,IN_DV360_Plixlife_Female_PineappleP2_1stApr2025_JAI_18-44_Top20HHI_TVC_Id_Branding,CPM,117,519092,Flight,Even,4/1/2025,4/30/2025,INR,17305.84,183710,2926,117475
4/6/2025,IN_DV360_Plixlife_Female_PineappleP2_1stApr2025_KOL_18-44_Top20HHI_TVC_Id_Branding,CPM,136,918451,Flight,Even,4/1/2025,4/30/2025,INR,23727.13,161413,1315,129233
4/6/2025,IN_DV360_Plixlife_Female_PineappleP2_1stApr2025_MMR_18-44_Top20HHI_TVC_Id_Branding,CPM,173,1686999,Flight,Even,4/1/2025,4/30/2025,INR,41194.97,320200,4565,204589
4/6/2025,IN_DV360_Plixlife_Female_PineappleP2_1stApr2025_NCR_18-44_Top20HHI_TVC_Id_Branding,CPM,154,2340829,Daily,Even,4/1/2025,4/30/2025,INR,80109.62,671281,9048,435883
4/6/2025,IN_DV360_Plixlife_Female_PineappleP2_1stApr2025_PUN_18-44_Top20HHI_TVC_Id_Branding,CPM,130,690364,Flight,Even,4/1/2025,4/30/2025,INR,23249.48,200261,2640,130552
4/7/2025,IN_DV360_Plixlife_Female_PineappleP2_1stApr2025_BLR_18-44_Top20HHI_TVC_Id_Branding,CPM,132,731431,Flight,Even,4/1/2025,4/30/2025,INR,22970.38,226535,3667,121418
4/7/2025,IN_DV360_Plixlife_Female_PineappleP2_1stApr2025_CHE_18-44_Top20HHI_TVC_Id_Branding,CPM,136,866563,Flight,Even,4/1/2025,4/30/2025,INR,25984.56,188667,2251,137788
4/7/2025,IN_DV360_Plixlife_Female_PineappleP2_1stApr2025_COB_18-44_Top20HHI_TVC_Id_Branding,CPM,116,162775,Flight,ASAP,4/1/2025,4/30/2025,INR,5258.745,36782,270,28411
4/7/2025,IN_DV360_Plixlife_Female_PineappleP2_1stApr2025_HYD_18-44_Top20HHI_TVC_Id_Branding,CPM,149,687779,Flight,Even,4/1/2025,4/30/2025,INR,22101.39,200791,3461,117171
4/7/2025,IN_DV360_Plixlife_Female_PineappleP2_1stApr2025_JAI_18-44_Top20HHI_TVC_Id_Branding,CPM,117,519092,Flight,Even,4/1/2025,4/30/2025,INR,16056.84,184952,3739,106068
4/7/2025,IN_DV360_Plixlife_Female_PineappleP2_1stApr2025_KOL_18-44_Top20HHI_TVC_Id_Branding,CPM,136,918451,Flight,Even,4/1/2025,4/30/2025,INR,12738.37,102102,1695,69415
4/7/2025,IN_DV360_Plixlife_Female_PineappleP2_1stApr2025_MMR_18-44_Top20HHI_TVC_Id_Branding,CPM,173,1686999,Flight,Even,4/1/2025,4/30/2025,INR,21418.11,226475,5548,101851
4/7/2025,IN_DV360_Plixlife_Female_PineappleP2_1stApr2025_NCR_18-44_Top20HHI_TVC_Id_Branding,CPM,154,2340829,Daily,Even,4/1/2025,4/30/2025,INR,41006.67,448019,9906,215375
4/7/2025,IN_DV360_Plixlife_Female_PineappleP2_1stApr2025_PUN_18-44_Top20HHI_TVC_Id_Branding,CPM,130,690364,Flight,Even,4/1/2025,4/30/2025,INR,21962.82,202147,3856,117593
4/8/2025,IN_DV360_Plixlife_Female_PineappleP2_1stApr2025_BLR_18-44_Top20HHI_TVC_Id_Branding,CPM,132,731431,Flight,Even,4/1/2025,4/30/2025,INR,20609.67,203745,3830,104931
4/8/2025,IN_DV360_Plixlife_Female_PineappleP2_1stApr2025_CHE_18-44_Top20HHI_TVC_Id_Branding,CPM,136,866563,Flight,Even,4/1/2025,4/30/2025,INR,23485.5,174146,2136,123220
4/8/2025,IN_DV360_Plixlife_Female_PineappleP2_1stApr2025_COB_18-44_Top20HHI_TVC_Id_Branding,CPM,116,162775,Flight,ASAP,4/1/2025,4/30/2025,INR,4816.242,37629,284,30085
4/8/2025,IN_DV360_Plixlife_Female_PineappleP2_1stApr2025_HYD_18-44_Top20HHI_TVC_Id_Branding,CPM,149,687779,Flight,Even,4/1/2025,4/30/2025,INR,19769.2,184336,3334,104626
4/8/2025,IN_DV360_Plixlife_Female_PineappleP2_1stApr2025_JAI_18-44_Top20HHI_TVC_Id_Branding,CPM,117,519092,Flight,Even,4/1/2025,4/30/2025,INR,15449.48,176565,3629,104021
4/8/2025,IN_DV360_Plixlife_Female_PineappleP2_1stApr2025_KOL_18-44_Top20HHI_TVC_Id_Branding,CPM,136,918451,Flight,Even,4/1/2025,4/30/2025,INR,11518.37,96448,1684,60847
4/8/2025,IN_DV360_Plixlife_Female_PineappleP2_1stApr2025_MMR_18-44_Top20HHI_TVC_Id_Branding,CPM,173,1686999,Flight,Even,4/1/2025,4/30/2025,INR,18573.14,217667,5870,90853
4/8/2025,IN_DV360_Plixlife_Female_PineappleP2_1stApr2025_NCR_18-44_Top20HHI_TVC_Id_Branding,CPM,154,2340829,Daily,Even,4/1/2025,4/30/2025,INR,32122.42,394452,10065,161707
4/8/2025,IN_DV360_Plixlife_Female_PineappleP2_1stApr2025_PUN_18-44_Top20HHI_TVC_Id_Branding,CPM,130,690364,Flight,Even,4/1/2025,4/30/2025,INR,20428.68,188062,3932,108948
4/9/2025,IN_DV360_Plixlife_Female_PineappleP2_1stApr2025_BLR_18-44_Top20HHI_TVC_Id_Branding,CPM,132,731431,Flight,Even,4/1/2025,4/30/2025,INR,21435.02,206921,3889,115322
4/9/2025,IN_DV360_Plixlife_Female_PineappleP2_1stApr2025_CHE_18-44_Top20HHI_TVC_Id_Branding,CPM,136,866563,Flight,Even,4/1/2025,4/30/2025,INR,26506.23,192560,2152,138415
4/9/2025,IN_DV360_Plixlife_Female_PineappleP2_1stApr2025_COB_18-44_Top20HHI_TVC_Id_Branding,CPM,116,162775,Flight,ASAP,4/1/2025,4/30/2025,INR,5536.61,42169,302,33796
4/9/2025,IN_DV360_Plixlife_Female_PineappleP2_1stApr2025_HYD_18-44_Top20HHI_TVC_Id_Branding,CPM,149,687779,Flight,Even,4/1/2025,4/30/2025,INR,20817.23,193209,3746,107961
4/9/2025,IN_DV360_Plixlife_Female_PineappleP2_1stApr2025_JAI_18-44_Top20HHI_TVC_Id_Branding,CPM,117,519092,Flight,Even,4/1/2025,4/30/2025,INR,17440.37,180002,3295,111713
4/9/2025,IN_DV360_Plixlife_Female_PineappleP2_1stApr2025_KOL_18-44_Top20HHI_TVC_Id_Branding,CPM,136,918451,Flight,Even,4/1/2025,4/30/2025,INR,18913.83,140956,1901,100226
4/9/2025,IN_DV360_Plixlife_Female_PineappleP2_1stApr2025_MMR_18-44_Top20HHI_TVC_Id_Branding,CPM,173,1686999,Flight,Even,4/1/2025,4/30/2025,INR,21343.49,230533,6083,104851
4/9/2025,IN_DV360_Plixlife_Female_PineappleP2_1stApr2025_NCR_18-44_Top20HHI_TVC_Id_Branding,CPM,154,2340829,Daily,Even,4/1/2025,4/30/2025,INR,38180.99,423166,10762,187251
4/9/2025,IN_DV360_Plixlife_Female_PineappleP2_1stApr2025_PUN_18-44_Top20HHI_TVC_Id_Branding,CPM,130,690364,Flight,Even,4/1/2025,4/30/2025,INR,22631.84,203548,4034,123707
4/10/2025,IN_DV360_Plixlife_Female_PineappleP2_1stApr2025_BLR_18-44_Top20HHI_TVC_Id_Branding,CPM,132,731431,Flight,Even,4/1/2025,4/30/2025,INR,20795.46,196355,3762,114222
4/10/2025,IN_DV360_Plixlife_Female_PineappleP2_1stApr2025_CHE_18-44_Top20HHI_TVC_Id_Branding,CPM,136,866563,Flight,Even,4/1/2025,4/30/2025,INR,27543.6,209130,2003,154671
4/10/2025,IN_DV360_Plixlife_Female_PineappleP2_1stApr2025_COB_18-44_Top20HHI_TVC_Id_Branding,CPM,116,162775,Flight,ASAP,4/1/2025,4/30/2025,INR,5533.923,44457,288,35621
4/10/2025,IN_DV360_Plixlife_Female_PineappleP2_1stApr2025_HYD_18-44_Top20HHI_TVC_Id_Branding,CPM,149,687779,Flight,Even,4/1/2025,4/30/2025,INR,21459.07,197609,3665,115327
4/10/2025,IN_DV360_Plixlife_Female_PineappleP2_1stApr2025_JAI_18-44_Top20HHI_TVC_Id_Branding,CPM,117,519092,Flight,Even,4/1/2025,4/30/2025,INR,17440.36,170135,2981,111319
4/10/2025,IN_DV360_Plixlife_Female_PineappleP2_1stApr2025_KOL_18-44_Top20HHI_TVC_Id_Branding,CPM,136,918451,Flight,Even,4/1/2025,4/30/2025,INR,23385.36,169636,1940,125008
4/10/2025,IN_DV360_Plixlife_Female_PineappleP2_1stApr2025_MMR_18-44_Top20HHI_TVC_Id_Branding,CPM,173,1686999,Flight,Even,4/1/2025,4/30/2025,INR,22352.35,218709,5493,112082
4/10/2025,IN_DV360_Plixlife_Female_PineappleP2_1stApr2025_NCR_18-44_Top20HHI_TVC_Id_Branding,CPM,154,2340829,Daily,Even,4/1/2025,4/30/2025,INR,39341.34,376784,9747,183851
4/10/2025,IN_DV360_Plixlife_Female_PineappleP2_1stApr2025_PUN_18-44_Top20HHI_TVC_Id_Branding,CPM,130,690364,Flight,Even,4/1/2025,4/30/2025,INR,23352.32,211249,3737,133210
4/11/2025,IN_DV360_Plixlife_Female_PineappleP2_1stApr2025_BLR_18-44_Top20HHI_TVC_Id_Branding,CPM,132,731431,Flight,Even,4/1/2025,4/30/2025,INR,17214.52,172033,3420,95082
4/11/2025,IN_DV360_Plixlife_Female_PineappleP2_1stApr2025_CHE_18-44_Top20HHI_TVC_Id_Branding,CPM,136,866563,Flight,Even,4/1/2025,4/30/2025,INR,25297.4,188942,2038,137993
4/11/2025,IN_DV360_Plixlife_Female_PineappleP2_1stApr2025_COB_18-44_Top20HHI_TVC_Id_Branding,CPM,116,162775,Flight,ASAP,4/1/2025,4/30/2025,INR,5588.804,45306,260,36950
4/11/2025,IN_DV360_Plixlife_Female_PineappleP2_1stApr2025_HYD_18-44_Top20HHI_TVC_Id_Branding,CPM,149,687779,Flight,Even,4/1/2025,4/30/2025,INR,18855.47,177407,3338,102559
4/11/2025,IN_DV360_Plixlife_Female_PineappleP2_1stApr2025_JAI_18-44_Top20HHI_TVC_Id_Branding,CPM,117,519092,Flight,Even,4/1/2025,4/30/2025,INR,17439.03,174620,3154,111553
4/11/2025,IN_DV360_Plixlife_Female_PineappleP2_1stApr2025_KOL_18-44_Top20HHI_TVC_Id_Branding,CPM,136,918451,Flight,Even,4/1/2025,4/30/2025,INR,30996.41,206981,2184,156288
4/11/2025,IN_DV360_Plixlife_Female_PineappleP2_1stApr2025_MMR_18-44_Top20HHI_TVC_Id_Branding,CPM,173,1686999,Flight,Even,4/1/2025,4/30/2025,INR,27510.51,237240,5546,128999
4/11/2025,IN_DV360_Plixlife_Female_PineappleP2_1stApr2025_NCR_18-44_Top20HHI_TVC_Id_Branding,CPM,154,2340829,Daily,Even,4/1/2025,4/30/2025,INR,48763.61,422356,10007,226040
4/11/2025,IN_DV360_Plixlife_Female_PineappleP2_1stApr2025_PUN_18-44_Top20HHI_TVC_Id_Branding,CPM,130,690364,Flight,Even,4/1/2025,4/30/2025,INR,22715.2,201661,3392,128004
4/12/2025,IN_DV360_Plixlife_Female_PineappleP2_1stApr2025_BLR_18-44_Top20HHI_TVC_Id_Branding,CPM,132,731431,Flight,Even,4/1/2025,4/30/2025,INR,18027.47,170385,3141,98080
4/12/2025,IN_DV360_Plixlife_Female_PineappleP2_1stApr2025_CHE_18-44_Top20HHI_TVC_Id_Branding,CPM,136,866563,Flight,Even,4/1/2025,4/30/2025,INR,24922.28,189063,2259,133955
4/12/2025,IN_DV360_Plixlife_Female_PineappleP2_1stApr2025_COB_18-44_Top20HHI_TVC_Id_Branding,CPM,116,162775,Flight,ASAP,4/1/2025,4/30/2025,INR,5589.794,43885,280,35320
4/12/2025,IN_DV360_Plixlife_Female_PineappleP2_1stApr2025_HYD_18-44_Top20HHI_TVC_Id_Branding,CPM,149,687779,Flight,Even,4/1/2025,4/30/2025,INR,18379.9,173403,3248,94881
4/12/2025,IN_DV360_Plixlife_Female_PineappleP2_1stApr2025_JAI_18-44_Top20HHI_TVC_Id_Branding,CPM,117,519092,Flight,Even,4/1/2025,4/30/2025,INR,17438.9,174193,3230,109932
4/12/2025,IN_DV360_Plixlife_Female_PineappleP2_1stApr2025_KOL_18-44_Top20HHI_TVC_Id_Branding,CPM,136,918451,Flight,Even,4/1/2025,4/30/2025,INR,35658.86,220555,2026,172168
4/12/2025,IN_DV360_Plixlife_Female_PineappleP2_1stApr2025_MMR_18-44_Top20HHI_TVC_Id_Branding,CPM,173,1686999,Flight,Even,4/1/2025,4/30/2025,INR,38497.24,295406,5577,177967
4/12/2025,IN_DV360_Plixlife_Female_PineappleP2_1stApr2025_NCR_18-44_Top20HHI_TVC_Id_Branding,CPM,154,2340829,Daily,Even,4/1/2025,4/30/2025,INR,57459.36,474293,9935,271507
4/12/2025,IN_DV360_Plixlife_Female_PineappleP2_1stApr2025_PUN_18-44_Top20HHI_TVC_Id_Branding,CPM,130,690364,Flight,Even,4/1/2025,4/30/2025,INR,22648.33,197131,3149,128042
4/13/2025,IN_DV360_Plixlife_Female_PineappleP2_1stApr2025_BLR_18-44_Top20HHI_TVC_Id_Branding,CPM,132,731431,Flight,Even,4/1/2025,4/30/2025,INR,15672.87,152860,3089,87850
4/13/2025,IN_DV360_Plixlife_Female_PineappleP2_1stApr2025_CHE_18-44_Top20HHI_TVC_Id_Branding,CPM,136,866563,Flight,Even,4/1/2025,4/30/2025,INR,23066.74,177888,2182,126512
4/13/2025,IN_DV360_Plixlife_Female_PineappleP2_1stApr2025_COB_18-44_Top20HHI_TVC_Id_Branding,CPM,116,162775,Flight,ASAP,4/1/2025,4/30/2025,INR,5498.621,45414,279,36407
4/13/2025,IN_DV360_Plixlife_Female_PineappleP2_1stApr2025_HYD_18-44_Top20HHI_TVC_Id_Branding,CPM,149,687779,Flight,Even,4/1/2025,4/30/2025,INR,15867.24,161888,3313,91631
4/13/2025,IN_DV360_Plixlife_Female_PineappleP2_1stApr2025_JAI_18-44_Top20HHI_TVC_Id_Branding,CPM,117,519092,Flight,Even,4/1/2025,4/30/2025,INR,17438.62,168538,3160,112544
4/13/2025,IN_DV360_Plixlife_Female_PineappleP2_1stApr2025_KOL_18-44_Top20HHI_TVC_Id_Branding,CPM,136,918451,Flight,Even,4/1/2025,4/30/2025,INR,35657.9,217985,2097,170618
4/13/2025,IN_DV360_Plixlife_Female_PineappleP2_1stApr2025_MMR_18-44_Top20HHI_TVC_Id_Branding,CPM,173,1686999,Flight,Even,4/1/2025,4/30/2025,INR,37303.65,290334,5774,174031
4/13/2025,IN_DV360_Plixlife_Female_PineappleP2_1stApr2025_NCR_18-44_Top20HHI_TVC_Id_Branding,CPM,154,2340829,Daily,Even,4/1/2025,4/30/2025,INR,55380.75,453966,9772,263442
4/13/2025,IN_DV360_Plixlife_Female_PineappleP2_1stApr2025_PUN_18-44_Top20HHI_TVC_Id_Branding,CPM,130,690364,Flight,Even,4/1/2025,4/30/2025,INR,21730.88,191825,3579,123209
4/14/2025,IN_DV360_Plixlife_Female_PineappleP2_1stApr2025_BLR_18-44_Top20HHI_TVC_Id_Branding,CPM,132,731431,Flight,Even,4/1/2025,4/30/2025,INR,19087.94,167196,3339,101579
4/14/2025,IN_DV360_Plixlife_Female_PineappleP2_1stApr2025_CHE_18-44_Top20HHI_TVC_Id_Branding,CPM,136,866563,Flight,Even,4/1/2025,4/30/2025,INR,19725.02,160696,1959,114615
4/14/2025,IN_DV360_Plixlife_Female_PineappleP2_1stApr2025_COB_18-44_Top20HHI_TVC_Id_Branding,CPM,116,162775,Flight,ASAP,4/1/2025,4/30/2025,INR,5472.016,44284,271,35449
4/14/2025,IN_DV360_Plixlife_Female_PineappleP2_1stApr2025_HYD_18-44_Top20HHI_TVC_Id_Branding,CPM,149,687779,Flight,Even,4/1/2025,4/30/2025,INR,13895.56,148382,3000,86701
4/14/2025,IN_DV360_Plixlife_Female_PineappleP2_1stApr2025_JAI_18-44_Top20HHI_TVC_Id_Branding,CPM,117,519092,Flight,Even,4/1/2025,4/30/2025,INR,17436.69,166221,3113,110300
4/14/2025,IN_DV360_Plixlife_Female_PineappleP2_1stApr2025_KOL_18-44_Top20HHI_TVC_Id_Branding,CPM,136,918451,Flight,Even,4/1/2025,4/30/2025,INR,35647.84,223102,2295,171574
4/14/2025,IN_DV360_Plixlife_Female_PineappleP2_1stApr2025_MMR_18-44_Top20HHI_TVC_Id_Branding,CPM,173,1686999,Flight,Even,4/1/2025,4/30/2025,INR,36870.91,288698,5618,177603
4/14/2025,IN_DV360_Plixlife_Female_PineappleP2_1stApr2025_NCR_18-44_Top20HHI_TVC_Id_Branding,CPM,154,2340829,Daily,Even,4/1/2025,4/30/2025,INR,52396.91,433442,9546,264234
4/14/2025,IN_DV360_Plixlife_Female_PineappleP2_1stApr2025_PUN_18-44_Top20HHI_TVC_Id_Branding,CPM,130,690364,Flight,Even,4/1/2025,4/30/2025,INR,20946.04,191700,3590,124103
4/15/2025,IN_DV360_Plixlife_Female_PineappleP2_1stApr2025_BLR_18-44_Top20HHI_TVC_Id_Branding,CPM,132,731431,Flight,Even,4/1/2025,4/30/2025,INR,21331.05,175953,3282,112512
4/15/2025,IN_DV360_Plixlife_Female_PineappleP2_1stApr2025_CHE_18-44_Top20HHI_TVC_Id_Branding,CPM,136,866563,Flight,Even,4/1/2025,4/30/2025,INR,17217.25,144382,1640,104714
4/15/2025,IN_DV360_Plixlife_Female_PineappleP2_1stApr2025_COB_18-44_Top20HHI_TVC_Id_Branding,CPM,116,162775,Flight,ASAP,4/1/2025,4/30/2025,INR,5417.583,44522,260,35948
4/15/2025,IN_DV360_Plixlife_Female_PineappleP2_1stApr2025_HYD_18-44_Top20HHI_TVC_Id_Branding,CPM,149,687779,Flight,Even,4/1/2025,4/30/2025,INR,15591.66,152099,3099,91606
4/15/2025,IN_DV360_Plixlife_Female_PineappleP2_1stApr2025_JAI_18-44_Top20HHI_TVC_Id_Branding,CPM,117,519092,Flight,Even,4/1/2025,4/30/2025,INR,17435.56,169649,3168,113090
4/15/2025,IN_DV360_Plixlife_Female_PineappleP2_1stApr2025_KOL_18-44_Top20HHI_TVC_Id_Branding,CPM,136,918451,Flight,Even,4/1/2025,4/30/2025,INR,35649.76,215290,2056,169770
4/15/2025,IN_DV360_Plixlife_Female_PineappleP2_1stApr2025_MMR_18-44_Top20HHI_TVC_Id_Branding,CPM,173,1686999,Flight,Even,4/1/2025,4/30/2025,INR,34518.38,266931,5472,166057
4/15/2025,IN_DV360_Plixlife_Female_PineappleP2_1stApr2025_NCR_18-44_Top20HHI_TVC_Id_Branding,CPM,154,2340829,Daily,Even,4/1/2025,4/30/2025,INR,52813.38,415174,9096,261156
4/15/2025,IN_DV360_Plixlife_Female_PineappleP2_1stApr2025_PUN_18-44_Top20HHI_TVC_Id_Branding,CPM,130,690364,Flight,Even,4/1/2025,4/30/2025,INR,22720.03,193001,3680,129585
4/16/2025,IN_DV360_Plixlife_Female_PineappleP2_1stApr2025_BLR_18-44_Top20HHI_TVC_Id_Branding,CPM,132,731431,Flight,Even,4/1/2025,4/30/2025,INR,25296.16,212655,3406,138016
4/16/2025,IN_DV360_Plixlife_Female_PineappleP2_1stApr2025_CHE_18-44_Top20HHI_TVC_Id_Branding,CPM,136,866563,Flight,Even,4/1/2025,4/30/2025,INR,27832.24,200467,2009,146950
4/16/2025,IN_DV360_Plixlife_Female_PineappleP2_1stApr2025_COB_18-44_Top20HHI_TVC_Id_Branding,CPM,116,162775,Flight,ASAP,4/1/2025,4/30/2025,INR,5608.797,44733,272,35565
4/16/2025,IN_DV360_Plixlife_Female_PineappleP2_1stApr2025_HYD_18-44_Top20HHI_TVC_Id_Branding,CPM,149,687779,Flight,Even,4/1/2025,4/30/2025,INR,21992.45,195932,2869,126483
4/16/2025,IN_DV360_Plixlife_Female_PineappleP2_1stApr2025_JAI_18-44_Top20HHI_TVC_Id_Branding,CPM,117,519092,Flight,Even,4/1/2025,4/30/2025,INR,17442.47,162855,2730,108279
4/16/2025,IN_DV360_Plixlife_Female_PineappleP2_1stApr2025_KOL_18-44_Top20HHI_TVC_Id_Branding,CPM,136,918451,Flight,Even,4/1/2025,4/30/2025,INR,35655.31,214768,2367,164383
4/16/2025,IN_DV360_Plixlife_Female_PineappleP2_1stApr2025_MMR_18-44_Top20HHI_TVC_Id_Branding,CPM,173,1686999,Flight,Even,4/1/2025,4/30/2025,INR,50662.73,377064,5213,258243
4/16/2025,IN_DV360_Plixlife_Female_PineappleP2_1stApr2025_NCR_18-44_Top20HHI_TVC_Id_Branding,CPM,154,2340829,Daily,Even,4/1/2025,4/30/2025,INR,73623.78,566064,8790,385242
4/16/2025,IN_DV360_Plixlife_Female_PineappleP2_1stApr2025_PUN_18-44_Top20HHI_TVC_Id_Branding,CPM,130,690364,Flight,Even,4/1/2025,4/30/2025,INR,23804.93,198488,3874,134898
4/17/2025,IN_DV360_Plixlife_Female_PineappleP2_1stApr2025_BLR_18-44_Top20HHI_TVC_Id_Branding,CPM,132,731431,Flight,Even,4/1/2025,4/30/2025,INR,23897.25,210191,3513,135431
4/17/2025,IN_DV360_Plixlife_Female_PineappleP2_1stApr2025_CHE_18-44_Top20HHI_TVC_Id_Branding,CPM,136,866563,Flight,Even,4/1/2025,4/30/2025,INR,29768.68,206283,2204,150192
4/17/2025,IN_DV360_Plixlife_Female_PineappleP2_1stApr2025_COB_18-44_Top20HHI_TVC_Id_Branding,CPM,116,162775,Flight,ASAP,4/1/2025,4/30/2025,INR,5610.612,44797,252,35309
4/17/2025,IN_DV360_Plixlife_Female_PineappleP2_1stApr2025_HYD_18-44_Top20HHI_TVC_Id_Branding,CPM,149,687779,Flight,Even,4/1/2025,4/30/2025,INR,22959.74,205368,3117,130498
4/17/2025,IN_DV360_Plixlife_Female_PineappleP2_1stApr2025_JAI_18-44_Top20HHI_TVC_Id_Branding,CPM,117,519092,Flight,Even,4/1/2025,4/30/2025,INR,17444.13,164267,2907,110944
4/17/2025,IN_DV360_Plixlife_Female_PineappleP2_1stApr2025_KOL_18-44_Top20HHI_TVC_Id_Branding,CPM,136,918451,Flight,Even,4/1/2025,4/30/2025,INR,35660.98,207870,2125,162896
4/17/2025,IN_DV360_Plixlife_Female_PineappleP2_1stApr2025_MMR_18-44_Top20HHI_TVC_Id_Branding,CPM,173,1686999,Flight,Even,4/1/2025,4/30/2025,INR,51773.8,385200,5595,258578
4/17/2025,IN_DV360_Plixlife_Female_PineappleP2_1stApr2025_NCR_18-44_Top20HHI_TVC_Id_Branding,CPM,154,2340829,Daily,Even,4/1/2025,4/30/2025,INR,67237.3,555376,8971,370642
4/17/2025,IN_DV360_Plixlife_Female_PineappleP2_1stApr2025_PUN_18-44_Top20HHI_TVC_Id_Branding,CPM,130,690364,Flight,Even,4/1/2025,4/30/2025,INR,23709.54,196990,4012,130380
4/18/2025,IN_DV360_Plixlife_Female_PineappleP2_1stApr2025_BLR_18-44_Top20HHI_TVC_Id_Branding,CPM,132,731431,Flight,Even,4/1/2025,4/30/2025,INR,24627.27,210570,3412,137166
4/18/2025,IN_DV360_Plixlife_Female_PineappleP2_1stApr2025_CHE_18-44_Top20HHI_TVC_Id_Branding,CPM,136,866563,Flight,Even,4/1/2025,4/30/2025,INR,30176.56,211807,2289,152845
4/18/2025,IN_DV360_Plixlife_Female_PineappleP2_1stApr2025_COB_18-44_Top20HHI_TVC_Id_Branding,CPM,116,162775,Flight,ASAP,4/1/2025,4/30/2025,INR,5608.312,44037,243,34873
4/18/2025,IN_DV360_Plixlife_Female_PineappleP2_1stApr2025_HYD_18-44_Top20HHI_TVC_Id_Branding,CPM,149,687779,Flight,Even,4/1/2025,4/30/2025,INR,23524.92,202252,3196,128992
4/18/2025,IN_DV360_Plixlife_Female_PineappleP2_1stApr2025_JAI_18-44_Top20HHI_TVC_Id_Branding,CPM,117,519092,Flight,Even,4/1/2025,4/30/2025,INR,17440,164493,2800,112118
4/18/2025,IN_DV360_Plixlife_Female_PineappleP2_1stApr2025_KOL_18-44_Top20HHI_TVC_Id_Branding,CPM,136,918451,Flight,Even,4/1/2025,4/30/2025,INR,35658.55,211112,2087,164896
4/18/2025,IN_DV360_Plixlife_Female_PineappleP2_1stApr2025_MMR_18-44_Top20HHI_TVC_Id_Branding,CPM,173,1686999,Flight,Even,4/1/2025,4/30/2025,INR,49424.7,358645,5320,240891
4/18/2025,IN_DV360_Plixlife_Female_PineappleP2_1stApr2025_NCR_18-44_Top20HHI_TVC_Id_Branding,CPM,154,2340829,Daily,Even,4/1/2025,4/30/2025,INR,66150.67,526902,8736,349089
4/18/2025,IN_DV360_Plixlife_Female_PineappleP2_1stApr2025_PUN_18-44_Top20HHI_TVC_Id_Branding,CPM,130,690364,Flight,Even,4/1/2025,4/30/2025,INR,23942.95,194285,3275,133981
4/19/2025,IN_DV360_Plixlife_Female_PineappleP2_1stApr2025_BLR_18-44_Top20HHI_TVC_Id_Branding,CPM,132,731431,Flight,Even,4/1/2025,4/30/2025,INR,20397.94,181498,3188,115378
4/19/2025,IN_DV360_Plixlife_Female_PineappleP2_1stApr2025_CHE_18-44_Top20HHI_TVC_Id_Branding,CPM,136,866563,Flight,Even,4/1/2025,4/30/2025,INR,28206.56,196022,2192,140372
4/19/2025,IN_DV360_Plixlife_Female_PineappleP2_1stApr2025_COB_18-44_Top20HHI_TVC_Id_Branding,CPM,116,162775,Flight,ASAP,4/1/2025,4/30/2025,INR,5607.094,42710,228,33876
4/19/2025,IN_DV360_Plixlife_Female_PineappleP2_1stApr2025_HYD_18-44_Top20HHI_TVC_Id_Branding,CPM,149,687779,Flight,Even,4/1/2025,4/30/2025,INR,21948.33,194728,3112,123750
4/19/2025,IN_DV360_Plixlife_Female_PineappleP2_1stApr2025_JAI_18-44_Top20HHI_TVC_Id_Branding,CPM,117,519092,Flight,Even,4/1/2025,4/30/2025,INR,17447.82,170600,3039,113393
4/19/2025,IN_DV360_Plixlife_Female_PineappleP2_1stApr2025_KOL_18-44_Top20HHI_TVC_Id_Branding,CPM,136,918451,Flight,Even,4/1/2025,4/30/2025,INR,34726.59,211439,2378,162288
4/19/2025,IN_DV360_Plixlife_Female_PineappleP2_1stApr2025_MMR_18-44_Top20HHI_TVC_Id_Branding,CPM,173,1686999,Flight,Even,4/1/2025,4/30/2025,INR,46937.34,341318,5223,226990
4/19/2025,IN_DV360_Plixlife_Female_PineappleP2_1stApr2025_NCR_18-44_Top20HHI_TVC_Id_Branding,CPM,154,2340829,Daily,Even,4/1/2025,4/30/2025,INR,63277.24,502918,8591,332313
4/19/2025,IN_DV360_Plixlife_Female_PineappleP2_1stApr2025_PUN_18-44_Top20HHI_TVC_Id_Branding,CPM,130,690364,Flight,Even,4/1/2025,4/30/2025,INR,23944.75,198774,3682,131558
4/20/2025,IN_DV360_Plixlife_Female_PineappleP2_1stApr2025_BLR_18-44_Top20HHI_TVC_Id_Branding,CPM,132,731431,Flight,Even,4/1/2025,4/30/2025,INR,20363.14,185536,3276,118945
4/20/2025,IN_DV360_Plixlife_Female_PineappleP2_1stApr2025_CHE_18-44_Top20HHI_TVC_Id_Branding,CPM,136,866563,Flight,Even,4/1/2025,4/30/2025,INR,28174.37,192172,2347,137791
4/20/2025,IN_DV360_Plixlife_Female_PineappleP2_1stApr2025_COB_18-44_Top20HHI_TVC_Id_Branding,CPM,116,162775,Flight,ASAP,4/1/2025,4/30/2025,INR,5594.871,42367,266,33843
4/20/2025,IN_DV360_Plixlife_Female_PineappleP2_1stApr2025_HYD_18-44_Top20HHI_TVC_Id_Branding,CPM,149,687779,Flight,Even,4/1/2025,4/30/2025,INR,22135.16,194956,3139,125600
4/20/2025,IN_DV360_Plixlife_Female_PineappleP2_1stApr2025_JAI_18-44_Top20HHI_TVC_Id_Branding,CPM,117,519092,Flight,Even,4/1/2025,4/30/2025,INR,17434.31,168454,2981,113666
4/20/2025,IN_DV360_Plixlife_Female_PineappleP2_1stApr2025_KOL_18-44_Top20HHI_TVC_Id_Branding,CPM,136,918451,Flight,Even,4/1/2025,4/30/2025,INR,32915.45,199437,2240,152884
4/20/2025,IN_DV360_Plixlife_Female_PineappleP2_1stApr2025_MMR_18-44_Top20HHI_TVC_Id_Branding,CPM,173,1686999,Flight,Even,4/1/2025,4/30/2025,INR,43684.1,328036,5310,214069
4/20/2025,IN_DV360_Plixlife_Female_PineappleP2_1stApr2025_NCR_18-44_Top20HHI_TVC_Id_Branding,CPM,154,2340829,Daily,Even,4/1/2025,4/30/2025,INR,63304.68,499042,7900,335791
4/20/2025,IN_DV360_Plixlife_Female_PineappleP2_1stApr2025_PUN_18-44_Top20HHI_TVC_Id_Branding,CPM,130,690364,Flight,Even,4/1/2025,4/30/2025,INR,23942.53,196285,3438,132642
4/21/2025,IN_DV360_Plixlife_Female_PineappleP2_1stApr2025_BLR_18-44_Top20HHI_TVC_Id_Branding,CPM,132,731431,Flight,Even,4/1/2025,4/30/2025,INR,19237.46,172157,2860,116003
4/21/2025,IN_DV360_Plixlife_Female_PineappleP2_1stApr2025_CHE_18-44_Top20HHI_TVC_Id_Branding,CPM,136,866563,Flight,Even,4/1/2025,4/30/2025,INR,25204.56,175283,1965,126051
4/21/2025,IN_DV360_Plixlife_Female_PineappleP2_1stApr2025_COB_18-44_Top20HHI_TVC_Id_Branding,CPM,116,162775,Flight,ASAP,4/1/2025,4/30/2025,INR,5594.283,42462,263,33856
4/21/2025,IN_DV360_Plixlife_Female_PineappleP2_1stApr2025_HYD_18-44_Top20HHI_TVC_Id_Branding,CPM,149,687779,Flight,Even,4/1/2025,4/30/2025,INR,20282.78,186724,2743,120165
4/21/2025,IN_DV360_Plixlife_Female_PineappleP2_1stApr2025_JAI_18-44_Top20HHI_TVC_Id_Branding,CPM,117,519092,Flight,Even,4/1/2025,4/30/2025,INR,17438.45,172154,3163,114993
4/21/2025,IN_DV360_Plixlife_Female_PineappleP2_1stApr2025_KOL_18-44_Top20HHI_TVC_Id_Branding,CPM,136,918451,Flight,Even,4/1/2025,4/30/2025,INR,29512.54,180999,2213,137377
4/21/2025,IN_DV360_Plixlife_Female_PineappleP2_1stApr2025_MMR_18-44_Top20HHI_TVC_Id_Branding,CPM,173,1686999,Flight,Even,4/1/2025,4/30/2025,INR,40652.08,302706,4809,196867
4/21/2025,IN_DV360_Plixlife_Female_PineappleP2_1stApr2025_NCR_18-44_Top20HHI_TVC_Id_Branding,CPM,154,2340829,Daily,Even,4/1/2025,4/30/2025,INR,64304.21,496370,8215,333733
4/21/2025,IN_DV360_Plixlife_Female_PineappleP2_1stApr2025_PUN_18-44_Top20HHI_TVC_Id_Branding,CPM,130,690364,Flight,Even,4/1/2025,4/30/2025,INR,23933.4,199833,3690,134045
4/22/2025,IN_DV360_Plixlife_Female_PineappleP2_1stApr2025_BLR_18-44_Top20HHI_TVC_Id_Branding,CPM,132,731431,Flight,Even,4/1/2025,4/30/2025,INR,16648.79,151159,2834,96221
4/22/2025,IN_DV360_Plixlife_Female_PineappleP2_1stApr2025_CHE_18-44_Top20HHI_TVC_Id_Branding,CPM,136,866563,Flight,Even,4/1/2025,4/30/2025,INR,23111.79,158547,1841,114565
4/22/2025,IN_DV360_Plixlife_Female_PineappleP2_1stApr2025_COB_18-44_Top20HHI_TVC_Id_Branding,CPM,116,162775,Flight,ASAP,4/1/2025,4/30/2025,INR,5494.808,40991,263,32656
4/22/2025,IN_DV360_Plixlife_Female_PineappleP2_1stApr2025_HYD_18-44_Top20HHI_TVC_Id_Branding,CPM,149,687779,Flight,Even,4/1/2025,4/30/2025,INR,18186.23,165491,2493,104952
4/22/2025,IN_DV360_Plixlife_Female_PineappleP2_1stApr2025_JAI_18-44_Top20HHI_TVC_Id_Branding,CPM,117,519092,Flight,Even,4/1/2025,4/30/2025,INR,17436.55,177137,3557,115163
4/22/2025,IN_DV360_Plixlife_Female_PineappleP2_1stApr2025_KOL_18-44_Top20HHI_TVC_Id_Branding,CPM,136,918451,Flight,Even,4/1/2025,4/30/2025,INR,26715.36,174928,2253,122294
4/22/2025,IN_DV360_Plixlife_Female_PineappleP2_1stApr2025_MMR_18-44_Top20HHI_TVC_Id_Branding,CPM,173,1686999,Flight,Even,4/1/2025,4/30/2025,INR,35273.89,258012,5003,160032
4/22/2025,IN_DV360_Plixlife_Female_PineappleP2_1stApr2025_NCR_18-44_Top20HHI_TVC_Id_Branding,CPM,154,2340829,Daily,Even,4/1/2025,4/30/2025,INR,64954.97,483527,8108,327554
4/22/2025,IN_DV360_Plixlife_Female_PineappleP2_1stApr2025_PUN_18-44_Top20HHI_TVC_Id_Branding,CPM,130,690364,Flight,Even,4/1/2025,4/30/2025,INR,23120.37,187451,3880,123283
4/23/2025,IN_DV360_Plixlife_Female_PineappleP2_1stApr2025_BLR_18-44_Top20HHI_TVC_Id_Branding,CPM,132,731431,Flight,Even,4/1/2025,4/30/2025,INR,16645.69,159119,2881,96983
4/23/2025,IN_DV360_Plixlife_Female_PineappleP2_1stApr2025_CHE_18-44_Top20HHI_TVC_Id_Branding,CPM,136,866563,Flight,Even,4/1/2025,4/30/2025,INR,20823.57,144576,1726,102682
4/23/2025,IN_DV360_Plixlife_Female_PineappleP2_1stApr2025_COB_18-44_Top20HHI_TVC_Id_Branding,CPM,116,162775,Flight,ASAP,4/1/2025,4/30/2025,INR,5501.429,40005,262,31911
4/23/2025,IN_DV360_Plixlife_Female_PineappleP2_1stApr2025_HYD_18-44_Top20HHI_TVC_Id_Branding,CPM,149,687779,Flight,Even,4/1/2025,4/30/2025,INR,17032.42,162291,2566,98313
4/23/2025,IN_DV360_Plixlife_Female_PineappleP2_1stApr2025_JAI_18-44_Top20HHI_TVC_Id_Branding,CPM,117,519092,Flight,Even,4/1/2025,4/30/2025,INR,17435.49,174549,3290,112920
4/23/2025,IN_DV360_Plixlife_Female_PineappleP2_1stApr2025_KOL_18-44_Top20HHI_TVC_Id_Branding,CPM,136,918451,Flight,Even,4/1/2025,4/30/2025,INR,24845.97,151195,1815,113155
4/23/2025,IN_DV360_Plixlife_Female_PineappleP2_1stApr2025_MMR_18-44_Top20HHI_TVC_Id_Branding,CPM,173,1686999,Flight,Even,4/1/2025,4/30/2025,INR,32693.18,238235,4879,145940
4/23/2025,IN_DV360_Plixlife_Female_PineappleP2_1stApr2025_NCR_18-44_Top20HHI_TVC_Id_Branding,CPM,154,2340829,Daily,Even,4/1/2025,4/30/2025,INR,62103.84,461216,7704,308491
4/23/2025,IN_DV360_Plixlife_Female_PineappleP2_1stApr2025_PUN_18-44_Top20HHI_TVC_Id_Branding,CPM,130,690364,Flight,Even,4/1/2025,4/30/2025,INR,22913.09,186020,3621,121269
4/24/2025,IN_DV360_Plixlife_Female_PineappleP2_1stApr2025_BLR_18-44_Top20HHI_TVC_Id_Branding,CPM,132,731431,Flight,Even,4/1/2025,4/30/2025,INR,14393.91,146151,2647,83124
4/24/2025,IN_DV360_Plixlife_Female_PineappleP2_1stApr2025_CHE_18-44_Top20HHI_TVC_Id_Branding,CPM,136,866563,Flight,Even,4/1/2025,4/30/2025,INR,16269.95,118584,1495,83513
4/24/2025,IN_DV360_Plixlife_Female_PineappleP2_1stApr2025_COB_18-44_Top20HHI_TVC_Id_Branding,CPM,116,162775,Flight,ASAP,4/1/2025,4/30/2025,INR,5567.949,41049,255,32663
4/24/2025,IN_DV360_Plixlife_Female_PineappleP2_1stApr2025_HYD_18-44_Top20HHI_TVC_Id_Branding,CPM,149,687779,Flight,Even,4/1/2025,4/30/2025,INR,14428.86,149136,2491,86704
4/24/2025,IN_DV360_Plixlife_Female_PineappleP2_1stApr2025_JAI_18-44_Top20HHI_TVC_Id_Branding,CPM,117,519092,Flight,Even,4/1/2025,4/30/2025,INR,17431.85,179474,3551,115860
4/24/2025,IN_DV360_Plixlife_Female_PineappleP2_1stApr2025_KOL_18-44_Top20HHI_TVC_Id_Branding,CPM,136,918451,Flight,Even,4/1/2025,4/30/2025,INR,17214.28,111829,1779,81499
4/24/2025,IN_DV360_Plixlife_Female_PineappleP2_1stApr2025_MMR_18-44_Top20HHI_TVC_Id_Branding,CPM,173,1686999,Flight,Even,4/1/2025,4/30/2025,INR,28056.58,215480,4745,128326
4/24/2025,IN_DV360_Plixlife_Female_PineappleP2_1stApr2025_NCR_18-44_Top20HHI_TVC_Id_Branding,CPM,154,2340829,Daily,Even,4/1/2025,4/30/2025,INR,52535,412160,7584,262498
4/24/2025,IN_DV360_Plixlife_Female_PineappleP2_1stApr2025_PUN_18-44_Top20HHI_TVC_Id_Branding,CPM,130,690364,Flight,Even,4/1/2025,4/30/2025,INR,18943.09,159334,3463,101296
4/25/2025,IN_DV360_Plixlife_Female_PineappleP2_1stApr2025_BLR_18-44_Top20HHI_TVC_Id_Branding,CPM,132,731431,Flight,Even,4/1/2025,4/30/2025,INR,14730.38,148467,2678,87072
4/25/2025,IN_DV360_Plixlife_Female_PineappleP2_1stApr2025_CHE_18-44_Top20HHI_TVC_Id_Branding,CPM,136,866563,Flight,Even,4/1/2025,4/30/2025,INR,16519.15,120000,1520,83980
4/25/2025,IN_DV360_Plixlife_Female_PineappleP2_1stApr2025_COB_18-44_Top20HHI_TVC_Id_Branding,CPM,116,162775,Flight,ASAP,4/1/2025,4/30/2025,INR,5611.887,41713,266,33420
4/25/2025,IN_DV360_Plixlife_Female_PineappleP2_1stApr2025_HYD_18-44_Top20HHI_TVC_Id_Branding,CPM,149,687779,Flight,Even,4/1/2025,4/30/2025,INR,13863.44,144386,2501,84381
4/25/2025,IN_DV360_Plixlife_Female_PineappleP2_1stApr2025_JAI_18-44_Top20HHI_TVC_Id_Branding,CPM,117,519092,Flight,Even,4/1/2025,4/30/2025,INR,16809.29,169481,3308,109996
4/25/2025,IN_DV360_Plixlife_Female_PineappleP2_1stApr2025_KOL_18-44_Top20HHI_TVC_Id_Branding,CPM,136,918451,Flight,Even,4/1/2025,4/30/2025,INR,15777.02,102704,1730,73160
4/25/2025,IN_DV360_Plixlife_Female_PineappleP2_1stApr2025_MMR_18-44_Top20HHI_TVC_Id_Branding,CPM,173,1686999,Flight,Even,4/1/2025,4/30/2025,INR,22518.7,183593,4654,100614
4/25/2025,IN_DV360_Plixlife_Female_PineappleP2_1stApr2025_NCR_18-44_Top20HHI_TVC_Id_Branding,CPM,154,2340829,Daily,Even,4/1/2025,4/30/2025,INR,45371.91,368310,7769,218273
4/25/2025,IN_DV360_Plixlife_Female_PineappleP2_1stApr2025_PUN_18-44_Top20HHI_TVC_Id_Branding,CPM,130,690364,Flight,Even,4/1/2025,4/30/2025,INR,17200.68,147607,3369,90794
4/26/2025,IN_DV360_Plixlife_Female_PineappleP2_1stApr2025_BLR_18-44_Top20HHI_TVC_Id_Branding,CPM,132,731431,Flight,Even,4/1/2025,4/30/2025,INR,13635.53,135389,2696,76369
4/26/2025,IN_DV360_Plixlife_Female_PineappleP2_1stApr2025_CHE_18-44_Top20HHI_TVC_Id_Branding,CPM,136,866563,Flight,Even,4/1/2025,4/30/2025,INR,16076.42,113692,1390,78751
4/26/2025,IN_DV360_Plixlife_Female_PineappleP2_1stApr2025_COB_18-44_Top20HHI_TVC_Id_Branding,CPM,116,162775,Flight,ASAP,4/1/2025,4/30/2025,INR,5520.423,39481,289,31298
4/26/2025,IN_DV360_Plixlife_Female_PineappleP2_1stApr2025_HYD_18-44_Top20HHI_TVC_Id_Branding,CPM,149,687779,Flight,Even,4/1/2025,4/30/2025,INR,14561.85,142436,2506,80966
4/26/2025,IN_DV360_Plixlife_Female_PineappleP2_1stApr2025_JAI_18-44_Top20HHI_TVC_Id_Branding,CPM,117,519092,Flight,Even,4/1/2025,4/30/2025,INR,17001.82,168953,3623,105986
4/26/2025,IN_DV360_Plixlife_Female_PineappleP2_1stApr2025_KOL_18-44_Top20HHI_TVC_Id_Branding,CPM,136,918451,Flight,Even,4/1/2025,4/30/2025,INR,16845.7,108009,1838,76610
4/26/2025,IN_DV360_Plixlife_Female_PineappleP2_1stApr2025_MMR_18-44_Top20HHI_TVC_Id_Branding,CPM,173,1686999,Flight,Even,4/1/2025,4/30/2025,INR,27466.71,210110,4609,119846
4/26/2025,IN_DV360_Plixlife_Female_PineappleP2_1stApr2025_NCR_18-44_Top20HHI_TVC_Id_Branding,CPM,154,2340829,Daily,Even,4/1/2025,4/30/2025,INR,51204.2,392656,7908,236518
4/26/2025,IN_DV360_Plixlife_Female_PineappleP2_1stApr2025_PUN_18-44_Top20HHI_TVC_Id_Branding,CPM,130,690364,Flight,Even,4/1/2025,4/30/2025,INR,18953.02,154959,3296,94994
4/27/2025,IN_DV360_Plixlife_Female_PineappleP2_1stApr2025_BLR_18-44_Top20HHI_TVC_Id_Branding,CPM,132,731431,Flight,Even,4/1/2025,4/30/2025,INR,14294.66,141909,2878,81991
4/27/2025,IN_DV360_Plixlife_Female_PineappleP2_1stApr2025_CHE_18-44_Top20HHI_TVC_Id_Branding,CPM,136,866563,Flight,Even,4/1/2025,4/30/2025,INR,15226.99,110119,1572,75949
4/27/2025,IN_DV360_Plixlife_Female_PineappleP2_1stApr2025_COB_18-44_Top20HHI_TVC_Id_Branding,CPM,116,162775,Flight,ASAP,4/1/2025,4/30/2025,INR,5597.357,41267,270,32735
4/27/2025,IN_DV360_Plixlife_Female_PineappleP2_1stApr2025_HYD_18-44_Top20HHI_TVC_Id_Branding,CPM,149,687779,Flight,Even,4/1/2025,4/30/2025,INR,15480.37,155473,2695,88624
4/27/2025,IN_DV360_Plixlife_Female_PineappleP2_1stApr2025_JAI_18-44_Top20HHI_TVC_Id_Branding,CPM,117,519092,Flight,Even,4/1/2025,4/30/2025,INR,17114.34,174052,3649,111271
4/27/2025,IN_DV360_Plixlife_Female_PineappleP2_1stApr2025_KOL_18-44_Top20HHI_TVC_Id_Branding,CPM,136,918451,Flight,Even,4/1/2025,4/30/2025,INR,18804.18,121926,1907,86866
4/27/2025,IN_DV360_Plixlife_Female_PineappleP2_1stApr2025_MMR_18-44_Top20HHI_TVC_Id_Branding,CPM,173,1686999,Flight,Even,4/1/2025,4/30/2025,INR,25326.31,204699,4801,113482
4/27/2025,IN_DV360_Plixlife_Female_PineappleP2_1stApr2025_NCR_18-44_Top20HHI_TVC_Id_Branding,CPM,154,2340829,Daily,Even,4/1/2025,4/30/2025,INR,45137.35,365194,7907,213629
4/27/2025,IN_DV360_Plixlife_Female_PineappleP2_1stApr2025_PUN_18-44_Top20HHI_TVC_Id_Branding,CPM,130,690364,Flight,Even,4/1/2025,4/30/2025,INR,23679.05,188176,3624,123619
4/28/2025,IN_DV360_Plixlife_Female_PineappleP2_1stApr2025_BLR_18-44_Top20HHI_TVC_Id_Branding,CPM,132,731431,Flight,Even,4/1/2025,4/30/2025,INR,14946.11,153618,2885,94287
4/28/2025,IN_DV360_Plixlife_Female_PineappleP2_1stApr2025_CHE_18-44_Top20HHI_TVC_Id_Branding,CPM,136,866563,Flight,Even,4/1/2025,4/30/2025,INR,13098.49,102034,1394,68938
4/28/2025,IN_DV360_Plixlife_Female_PineappleP2_1stApr2025_COB_18-44_Top20HHI_TVC_Id_Branding,CPM,116,162775,Flight,ASAP,4/1/2025,4/30/2025,INR,5564.613,43128,287,34517
4/28/2025,IN_DV360_Plixlife_Female_PineappleP2_1stApr2025_HYD_18-44_Top20HHI_TVC_Id_Branding,CPM,149,687779,Flight,Even,4/1/2025,4/30/2025,INR,15605.37,162521,2686,94171
4/28/2025,IN_DV360_Plixlife_Female_PineappleP2_1stApr2025_JAI_18-44_Top20HHI_TVC_Id_Branding,CPM,117,519092,Flight,Even,4/1/2025,4/30/2025,INR,17595.28,184082,3734,119576
4/28/2025,IN_DV360_Plixlife_Female_PineappleP2_1stApr2025_KOL_18-44_Top20HHI_TVC_Id_Branding,CPM,136,918451,Flight,Even,4/1/2025,4/30/2025,INR,17911.95,124119,1765,87891
4/28/2025,IN_DV360_Plixlife_Female_PineappleP2_1stApr2025_MMR_18-44_Top20HHI_TVC_Id_Branding,CPM,173,1686999,Flight,Even,4/1/2025,4/30/2025,INR,26232.07,212336,4756,123558
4/28/2025,IN_DV360_Plixlife_Female_PineappleP2_1stApr2025_NCR_18-44_Top20HHI_TVC_Id_Branding,CPM,154,2340829,Daily,Even,4/1/2025,4/30/2025,INR,47592.52,387092,8198,231463
4/28/2025,IN_DV360_Plixlife_Female_PineappleP2_1stApr2025_PUN_18-44_Top20HHI_TVC_Id_Branding,CPM,130,690364,Flight,Even,4/1/2025,4/30/2025,INR,23537.99,192595,3593,127477
4/29/2025,IN_DV360_Plixlife_Female_PineappleP2_1stApr2025_BLR_18-44_Top20HHI_TVC_Id_Branding,CPM,132,731431,Flight,Even,4/1/2025,4/30/2025,INR,18614.86,175629,3002,104152
4/29/2025,IN_DV360_Plixlife_Female_PineappleP2_1stApr2025_CHE_18-44_Top20HHI_TVC_Id_Branding,CPM,136,866563,Flight,Even,4/1/2025,4/30/2025,INR,20751.73,147367,1700,97541
4/29/2025,IN_DV360_Plixlife_Female_PineappleP2_1stApr2025_COB_18-44_Top20HHI_TVC_Id_Branding,CPM,116,162775,Flight,ASAP,4/1/2025,4/30/2025,INR,5821.097,47692,281,38030
4/29/2025,IN_DV360_Plixlife_Female_PineappleP2_1stApr2025_HYD_18-44_Top20HHI_TVC_Id_Branding,CPM,149,687779,Flight,Even,4/1/2025,4/30/2025,INR,24307.58,214256,3074,124533
4/29/2025,IN_DV360_Plixlife_Female_PineappleP2_1stApr2025_JAI_18-44_Top20HHI_TVC_Id_Branding,CPM,117,519092,Flight,Even,4/1/2025,4/30/2025,INR,17794.81,189103,3664,122486
4/29/2025,IN_DV360_Plixlife_Female_PineappleP2_1stApr2025_KOL_18-44_Top20HHI_TVC_Id_Branding,CPM,136,918451,Flight,Even,4/1/2025,4/30/2025,INR,31770.36,190924,2091,142889
4/29/2025,IN_DV360_Plixlife_Female_PineappleP2_1stApr2025_MMR_18-44_Top20HHI_TVC_Id_Branding,CPM,173,1686999,Flight,Even,4/1/2025,4/30/2025,INR,26865.15,225578,4943,129820
4/29/2025,IN_DV360_Plixlife_Female_PineappleP2_1stApr2025_NCR_18-44_Top20HHI_TVC_Id_Branding,CPM,154,2340829,Daily,Even,4/1/2025,4/30/2025,INR,46757.22,384930,8193,224226
4/29/2025,IN_DV360_Plixlife_Female_PineappleP2_1stApr2025_PUN_18-44_Top20HHI_TVC_Id_Branding,CPM,130,690364,Flight,Even,4/1/2025,4/30/2025,INR,25368.97,213756,3783,145297
4/30/2025,IN_DV360_Plixlife_Female_PineappleP2_1stApr2025_BLR_18-44_Top20HHI_TVC_Id_Branding,CPM,132,731431,Flight,Even,4/1/2025,4/30/2025,INR,16007.62,160329,2827,94557
4/30/2025,IN_DV360_Plixlife_Female_PineappleP2_1stApr2025_CHE_18-44_Top20HHI_TVC_Id_Branding,CPM,136,866563,Flight,Even,4/1/2025,4/30/2025,INR,19597.63,145837,1577,88956
4/30/2025,IN_DV360_Plixlife_Female_PineappleP2_1stApr2025_COB_18-44_Top20HHI_TVC_Id_Branding,CPM,116,162775,Flight,ASAP,4/1/2025,4/30/2025,INR,5842.711,47994,361,36163
4/30/2025,IN_DV360_Plixlife_Female_PineappleP2_1stApr2025_HYD_18-44_Top20HHI_TVC_Id_Branding,CPM,149,687779,Flight,Even,4/1/2025,4/30/2025,INR,21251.36,200232,2999,121271
4/30/2025,IN_DV360_Plixlife_Female_PineappleP2_1stApr2025_JAI_18-44_Top20HHI_TVC_Id_Branding,CPM,117,519092,Flight,Even,4/1/2025,4/30/2025,INR,18299.87,194381,3463,130448
4/30/2025,IN_DV360_Plixlife_Female_PineappleP2_1stApr2025_KOL_18-44_Top20HHI_TVC_Id_Branding,CPM,136,918451,Flight,Even,4/1/2025,4/30/2025,INR,22710.67,156676,2001,109314
4/30/2025,IN_DV360_Plixlife_Female_PineappleP2_1stApr2025_MMR_18-44_Top20HHI_TVC_Id_Branding,CPM,173,1686999,Flight,Even,4/1/2025,4/30/2025,INR,28310.85,230040,4909,128684
4/30/2025,IN_DV360_Plixlife_Female_PineappleP2_1stApr2025_NCR_18-44_Top20HHI_TVC_Id_Branding,CPM,154,2340829,Daily,Even,4/1/2025,4/30/2025,INR,46387.98,379661,8160,215242
4/30/2025,IN_DV360_Plixlife_Female_PineappleP2_1stApr2025_PUN_18-44_Top20HHI_TVC_Id_Branding,CPM,130,690364,Flight,Even,4/1/2025,4/30/2025,INR,25779.07,213111,3689,142855